amino_acid,chou_fasman,emini,kolaskar_tongaonkar,parker,isoelectric_point
A,0.66,0.49,1.064,2.1,6.11
C,1.19,0.26,1.412,1.4,5.15
D,1.46,0.81,0.866,10,2.98
E,0.74,0.84,0.851,7.8,3.08
F,0.6,0.42,1.091,-9.2,5.76
G,1.56,0.48,0.874,5.7,6.06
H,0.95,0.66,1.105,2.1,7.64
I,0.47,0.34,1.152,-8,6.04
K,1.01,0.97,0.93,5.7,9.47
L,0.59,0.4,1.25,-9.2,6.04
M,0.6,0.48,0.826,-4.2,5.71
N,1.56,0.78,0.776,7,5.43
P,1.52,0.75,1.064,2.1,6.3
Q,0.98,0.84,1.015,6,5.65
R,0.95,0.95,0.873,4.2,10.76
S,1.43,0.65,1.012,6.5,5.7
T,0.96,0.7,0.909,5.2,5.6
V,0.5,0.36,1.383,-3.7,6.02
W,0.96,0.51,0.893,-10,5.88
Y,1.14,0.76,1.161,-1.9,5.63
,,,,,
,,,,,
,,,,,
,,,,,
,,,,,
,,,,,
,,,,,
,,,,,
,,,,,
,,,,,
,,,,,
,,,,,
,,,,,
,,,,,
,,,,,
,,,,,
,,,,,
,,,,,
,,,,,
,,,,,
,,,,,
,,,,,
,,,,,
,,,,,
